{
    "autoibc": 0.813752058962927,
    "baseline": 0.6082108979755348,
    "autoibc_scores": [
        0.8525934401220443,
        0.7757754894482584,
        0.8229405034324944,
        0.7796847190439868,
        0.8400189786059351,
        0.8360507246376812,
        0.8216020704724326,
        0.7892403317847217,
        0.8055750015910392,
        0.8140393304906766
    ],
    "baseline_scores": [
        0.6848461734045258,
        0.598652428171879,
        0.5786931095855581,
        0.6044050343249427,
        0.5854037267080745,
        0.5639233954451346,
        0.6004370054519612,
        0.639459895203547,
        0.6037675809838987,
        0.6225206304758268
    ],
    "runtime": 3543.5898718833923
}
