{
    "autoibc": 0.9612145802138847,
    "baseline": 0.9095671861213811,
    "autoibc_scores": [
        0.9549216027874564,
        0.9500580720092915,
        0.9689314750290361,
        0.961776258364853,
        0.9630309863252837,
        0.9877800407331976,
        0.961776258364853,
        0.9658495781204539,
        0.954884346814082,
        0.9431371835903404
    ],
    "baseline_scores": [
        0.8865418118466899,
        0.9046167247386759,
        0.9036004645760742,
        0.9224614489380274,
        0.9153331393657259,
        0.8816555135292405,
        0.934208612161769,
        0.8995126563863834,
        0.9482288332848414,
        0.8995126563863834
    ],
    "runtime": 3543.551651954651
}
