{
    "autoibc": 0.663140454876026,
    "baseline": 0.6066359477842627,
    "autoibc_scores": [
        0.6666270822312667,
        0.6736443230521759,
        0.6889095207764308,
        0.6780166038713578,
        0.6418832115212298,
        0.6638030155114437,
        0.6521585855298839,
        0.6649419676754529,
        0.6617854431066277,
        0.6396347954843904
    ],
    "baseline_scores": [
        0.610232756480152,
        0.6327904867805978,
        0.6208503816299431,
        0.6336352546178843,
        0.5939203705103153,
        0.6093014426727411,
        0.5997233973315979,
        0.5963119644213037,
        0.5723451567415121,
        0.5972482666565792
    ],
    "runtime": 3553.528054714203
}
