{
    "autoibc": 0.8014052754830038,
    "baseline": 0.6081367914570871,
    "autoibc_scores": [
        0.8029850746268656,
        0.7977611940298508,
        0.8029850746268656,
        0.8048649159266956,
        0.7979353512705532,
        0.8191330343796712,
        0.8139013452914798,
        0.7844033225482963,
        0.7952167414050821,
        0.7948667007246788
    ],
    "baseline_scores": [
        0.6190345739656149,
        0.543803136217646,
        0.6175420366521821,
        0.6022860381636124,
        0.6261491031390134,
        0.6305273315547483,
        0.584728765775482,
        0.6431855594028495,
        0.6144822236097709,
        0.599629146089951
    ],
    "runtime": 3552.663245677948
}
