{
    "autoibc": 0.9811744455168876,
    "baseline": 0.9298104053664374,
    "autoibc_scores": [
        0.9814660413409761,
        0.9814660413409761,
        0.9902379711655376,
        0.9736842105263157,
        0.9912280701754386,
        0.9902379711655376,
        0.9912280701754386,
        0.9649122807017544,
        0.9731458675424193,
        0.9741379310344828
    ],
    "baseline_scores": [
        0.9217648080597534,
        0.903369810665277,
        0.9579815876324475,
        0.9200625325690464,
        0.9141219385096404,
        0.9247351050894563,
        0.9296856001389613,
        0.9414278269932257,
        0.9376710454296662,
        0.947283798576902
    ],
    "runtime": 3550.3534898757935
}
