{
    "autoibc": 0.9964398603562753,
    "baseline": 0.9700120036723199,
    "autoibc_scores": [
        0.9936217170602517,
        0.998984771573604,
        0.9956140350877193,
        0.9945988066613234,
        0.998984771573604,
        0.9902128417490426,
        0.9979695431472082,
        0.9984771573604061,
        0.9984756097560976,
        0.9974593495934959
    ],
    "baseline_scores": [
        0.9741999558596337,
        0.971374972412271,
        0.9886899991094487,
        0.9760397185858046,
        0.9726689820999198,
        0.9623742096357646,
        0.9574806305102859,
        0.97013091103393,
        0.9713723930717568,
        0.9557882644043831
    ],
    "runtime": 3550.8469223976135
}
