{
    "autoibc": 0.7126095282469219,
    "baseline": 0.6881021636195771,
    "autoibc_scores": [
        0.6873794438577965,
        0.7147395283350932,
        0.714315381907779,
        0.7206300598380853,
        0.7010753255895812,
        0.7286703979250564,
        0.6966245575124873,
        0.7349101016058456,
        0.7145789261165048,
        0.71317155978099
    ],
    "baseline_scores": [
        0.7124410418866596,
        0.6574410418866596,
        0.669190425906371,
        0.6955983808518127,
        0.6970063357972545,
        0.706845949081974,
        0.6859771925425476,
        0.698298564144944,
        0.679550749359298,
        0.678671954738251
    ],
    "runtime": 3612.2412662506104
}
