{
    "autoibc": 0.9910887159651534,
    "baseline": 0.9477077325423892,
    "autoibc_scores": [
        0.9951171730612849,
        0.9784840257373453,
        0.9976047904191616,
        0.9919924126901476,
        0.9982035928143713,
        0.9988023952095808,
        0.9789712500464909,
        0.9963140598632205,
        0.9815702993161026,
        0.9938271604938271
    ],
    "baseline_scores": [
        0.9612589635543727,
        0.9370253282255365,
        0.9437237326589059,
        0.9395321158924388,
        0.9642652583032693,
        0.9506452932644028,
        0.9493361103879198,
        0.9508837374544808,
        0.9426458832933653,
        0.9377609023891997
    ],
    "runtime": 3541.769949197769
}
