{
    "autoibc": 0.9924624194957052,
    "baseline": 0.9586436776117309,
    "autoibc_scores": [
        0.9996299037749815,
        0.9917913488967806,
        0.9820357787406748,
        0.9955588452997779,
        0.997779422649889,
        0.9943181818181819,
        0.997039230199852,
        0.9928377969181078,
        0.9818442567794899,
        0.9917894298793175
    ],
    "baseline_scores": [
        0.9756776087625479,
        0.94159964736899,
        0.9753075125375295,
        0.9685792463343841,
        0.9640715574813497,
        0.9659090909090908,
        0.9451626741134513,
        0.9409612408317072,
        0.9402210483816702,
        0.9689471493965875
    ],
    "runtime": 3542.6153399944305
}
